id_oferta,titulo,entidad,descripcion,requisitos,area_profesional,ubicacion,modalidad,tipo_contrato,salario,fecha_publicacion,fecha_cierre,url,fuente
CAS-2026-001,Especialista de Sistemas,Corte Superior de Justicia,Soporte a sistemas jurisdiccionales,"Bachiller en Sistemas, 1 año de experiencia general",Sistemas,Piura,Híbrida,CAS,3500,10/09/2026,25/09/2026,https://www.datosabiertos.gob.pe,Plataforma Nacional de Datos Abiertos
CAS-2026-002,Analista de Redes y Conectividad,Gobierno Regional de Piura,Gestión de infraestructura tecnológica y telecomunicaciones,"Titulado en Redes o Sistemas, 2 años de experiencia",Sistemas,Piura,Presencial,CAS,4200,12/09/2026,30/09/2026,https://www.datosabiertos.gob.pe,Plataforma Nacional de Datos Abiertos
CAS-2026-003,Asistente Administrativo,Municipalidad Provincial de Piura,Gestión documental y atención en mesa de partes,"Egresado técnico o universitario de Administración, 6 meses de prácticas",Administración,Piura,Presencial,CAS,1800,05/09/2026,20/09/2026,https://www.datosabiertos.gob.pe,Plataforma Nacional de Datos Abiertos
CAS-2026-004,Desarrollador Full Stack,Superintendencia Nacional de Aduanas y de Administración Tributaria,Desarrollo de módulos web tributarios con Spring Boot y React,"Bachiller en Sistemas o Computación, 2 años de experiencia en desarrollo web",Sistemas,Lima,Remota,CAS,5500,08/09/2026,28/09/2026,https://www.datosabiertos.gob.pe,Plataforma Nacional de Datos Abiertos
CAS-2026-005,Analista de Base de Datos y SIG,Ministerio del Ambiente,Manejo de base de datos PostgreSQL con extensión PostGIS para monitoreo territorial,"Titulado en Ingeniería de Sistemas o Geográfica, 1 año de experiencia",Sistemas,Piura,Híbrida,CAS,4000,14/09/2026,29/09/2026,https://www.datosabiertos.gob.pe,Plataforma Nacional de Datos Abiertos
CAS-2026-006,Auditor Junior de Control Interno,Contraloría General de la República,Apoyo en auditorías financieras y de cumplimiento de obras públicas,"Bachiller en Contabilidad o Economía, 1 año de experiencia en sector público",Contabilidad,Piura,Presencial,CAS,3000,02/09/2026,18/09/2026,https://www.datosabiertos.gob.pe,Plataforma Nacional de Datos Abiertos
CAS-2026-007,Especialista Legal en Contrataciones,Organismo Supervisor de las Contrataciones del Estado,Revisión de expedientes de licitaciones públicas y convenios marco,"Titulado y colegiado en Derecho, 3 años de experiencia en contrataciones",Derecho,Piura,Híbrida,CAS,4800,11/09/2026,26/09/2026,https://www.datosabiertos.gob.pe,Plataforma Nacional de Datos Abiertos
CAS-2026-008,Técnico en Soporte Informático,Dirección Regional de Educación,Mantenimiento preventivo y correctivo de cómputo en centros educativos,"Egresado de carrera técnica de Computación o Sistemas, 6 meses de experiencia",Sistemas,Piura,Presencial,CAS,2200,15/09/2026,27/09/2026,https://www.datosabiertos.gob.pe,Plataforma Nacional de Datos Abiertos
CAS-2026-009,Coordinador de Proyectos de Innovación,Presidencia del Consejo de Ministros,Gestión de proyectos de transformación digital y trámites en línea,"Bachiller en Ingeniería de Sistemas o Industrial, 2 años de experiencia",Sistemas,Lima,Híbrida,CAS,6000,09/09/2026,24/09/2026,https://www.datosabiertos.gob.pe,Plataforma Nacional de Datos Abiertos
CAS-2026-010,Médico General,Ministerio de Salud,Atención médica ambulatoria y triaje en centro de salud comunitario,"Título profesional de Médico Cirujano y SERUMS concluido",Salud,Piura,Presencial,CAS,6500,13/09/2026,30/09/2026,https://www.datosabiertos.gob.pe,Plataforma Nacional de Datos Abiertos